8rvb8LpLTaA,IOfQKUuvC-s
8rvb8LpLTaA,UGbMoIILPh8
8rvb8LpLTaA,Fjb72jZ3SpA
8rvb8LpLTaA,O3vLIxeNNCY
8rvb8LpLTaA,8S8mie3bwtw
8rvb8LpLTaA,OzxuyvuPfbc
8rvb8LpLTaA,W-XsOrCe40o
8rvb8LpLTaA,kWK4q8V_-iE
8rvb8LpLTaA,GjC-YqjYpL8
8rvb8LpLTaA,h0Oym7HX9Cc
8rvb8LpLTaA,9oaMyLPzW34
8rvb8LpLTaA,3b1GwA3FaMQ
8rvb8LpLTaA,iYxFoYKLSMg
IOfQKUuvC-s,UGz54o9HN_4
IOfQKUuvC-s,GNUAc1VexcQ
IOfQKUuvC-s,W-XsOrCe40o
IOfQKUuvC-s,ktgoio4SgCI
IOfQKUuvC-s,Fjb72jZ3SpA
IOfQKUuvC-s,Za7ocrweUVo
IOfQKUuvC-s,xClmWRGU1kk
IOfQKUuvC-s,VFGiHv-Ctmo
IOfQKUuvC-s,851Q-nPNx7I
IOfQKUuvC-s,iYxFoYKLSMg
IOfQKUuvC-s,UGbMoIILPh8
IOfQKUuvC-s,U7PI3ig1bfs
IOfQKUuvC-s,Db89J6cAvDk
IOfQKUuvC-s,363RgMenp1g
IOfQKUuvC-s,2HrlsKLpmBM
IOfQKUuvC-s,1dEHBt-rDVc
IOfQKUuvC-s,57j4P1FN7ts
IOfQKUuvC-s,qI6gFO4TM4Y
IOfQKUuvC-s,h0Oym7HX9Cc
IOfQKUuvC-s,QkOCO30Uw1c
IOfQKUuvC-s,AOZfy4PJKwI
IOfQKUuvC-s,8_NNBNCyY9o
IOfQKUuvC-s,zbi8lpm9sjo
IOfQKUuvC-s,HrsJ8jPwF88
IOfQKUuvC-s,rp47vVjRCHk
IOfQKUuvC-s,lNheKzNtDn0
IOfQKUuvC-s,bkGUWC-O-3M
IOfQKUuvC-s,ere9q6aOrcU
IOfQKUuvC-s,8wPgJjHQFQY
IOfQKUuvC-s,mMKZq4elgck
IOfQKUuvC-s,3b1GwA3FaMQ
IOfQKUuvC-s,fjE-lB8MOcc
IOfQKUuvC-s,p7KzGJSqdRM
IOfQKUuvC-s,yYJlcTSrIN0
IOfQKUuvC-s,Z_RFwzdjGQQ
IOfQKUuvC-s,vaqokVfr0OY
IOfQKUuvC-s,bYr0eoZgSm4
IOfQKUuvC-s,bT3yeK8qkeg
IOfQKUuvC-s,qOj2LN0zB74
IOfQKUuvC-s,u4yYoicI9xk
IOfQKUuvC-s,MzvF3OVWgZM
IOfQKUuvC-s,IrClRF2q5l8
IOfQKUuvC-s,YjoDGhHk2MU
IOfQKUuvC-s,1zyVz0Dn-08
IOfQKUuvC-s,Zys91omKoww
UGbMoIILPh8,W-XsOrCe40o
UGbMoIILPh8,QkOCO30Uw1c
UGbMoIILPh8,Fjb72jZ3SpA
UGbMoIILPh8,qHqElv07h9M
UGbMoIILPh8,Ob6TtZMVSps
UGbMoIILPh8,h0Oym7HX9Cc
UGbMoIILPh8,50q2MEk3KsA
UGbMoIILPh8,oc_9Hh9R9cs
Fjb72jZ3SpA,ktgoio4SgCI
Fjb72jZ3SpA,W-XsOrCe40o
Fjb72jZ3SpA,Z_RFwzdjGQQ
Fjb72jZ3SpA,JyZA2YN2wIk
Fjb72jZ3SpA,Gh2FD9XYAh0
Fjb72jZ3SpA,Fp6aJZQldFs
Fjb72jZ3SpA,bkGUWC-O-3M
Fjb72jZ3SpA,sVZViT-cnGo
Fjb72jZ3SpA,wupnTUk63RQ
Fjb72jZ3SpA,AOZfy4PJKwI
Fjb72jZ3SpA,bYr0eoZgSm4
Fjb72jZ3SpA,VebnBZOToao
Fjb72jZ3SpA,VFGiHv-Ctmo
Fjb72jZ3SpA,851Q-nPNx7I
Fjb72jZ3SpA,lbl-WJci6JA
Fjb72jZ3SpA,ere9q6aOrcU
Fjb72jZ3SpA,Db89J6cAvDk
Fjb72jZ3SpA,363RgMenp1g
Fjb72jZ3SpA,N9S_wa3TXJw
Fjb72jZ3SpA,8wPgJjHQFQY
Fjb72jZ3SpA,DZtaF4iZ6TI
Fjb72jZ3SpA,mMKZq4elgck
Fjb72jZ3SpA,3b1GwA3FaMQ
Fjb72jZ3SpA,qOj2LN0zB74
Fjb72jZ3SpA,LCZQZMpfAWE
Fjb72jZ3SpA,bT3yeK8qkeg
Fjb72jZ3SpA,QACrpN3Ut7w
Fjb72jZ3SpA,1dEHBt-rDVc
Fjb72jZ3SpA,MzvF3OVWgZM
Fjb72jZ3SpA,Zys91omKoww
8S8mie3bwtw,_EBbju24ES4
8S8mie3bwtw,3b1GwA3FaMQ
8S8mie3bwtw,NZXJ7zh3PJM
8S8mie3bwtw,APTrNh4MZ7E
8S8mie3bwtw,Fe-sjQ9EIfE
8S8mie3bwtw,HyNinbbzGuE
8S8mie3bwtw,__HDA25Fz-E
8S8mie3bwtw,PcGDIyJY0fA
8S8mie3bwtw,RgPr_lDRHsM
8S8mie3bwtw,P7My_R3xV7w
8S8mie3bwtw,qHqElv07h9M
8S8mie3bwtw,Nxpl7judCwY
8S8mie3bwtw,h0Oym7HX9Cc
8S8mie3bwtw,DzaNVjfjZiI
8S8mie3bwtw,5ovh-Ux_zRs
8S8mie3bwtw,gU4Q0LpZ2g4
8S8mie3bwtw,vvdHMp2Wu44
OzxuyvuPfbc,Db89J6cAvDk
OzxuyvuPfbc,A9dA5EO35-Y
OzxuyvuPfbc,MVG4kj9CUio
OzxuyvuPfbc,Rtsi5PkCh2k
OzxuyvuPfbc,qUH4aNF5-lw
OzxuyvuPfbc,2JUljTvFbDA
OzxuyvuPfbc,BeRhEFoxumo
OzxuyvuPfbc,IvbunhsRsJ0
OzxuyvuPfbc,xl98p9ck764
OzxuyvuPfbc,6ou435U5U2g
OzxuyvuPfbc,WTsEAffrWfE
W-XsOrCe40o,UGz54o9HN_4
W-XsOrCe40o,ktgoio4SgCI
W-XsOrCe40o,GNUAc1VexcQ
W-XsOrCe40o,Z_RFwzdjGQQ
W-XsOrCe40o,_bZwAYo3HKI
W-XsOrCe40o,bT3yeK8qkeg
W-XsOrCe40o,1dEHBt-rDVc
W-XsOrCe40o,2HrlsKLpmBM
W-XsOrCe40o,u4yYoicI9xk
W-XsOrCe40o,QOyAF2ooKWs
W-XsOrCe40o,vaqokVfr0OY
W-XsOrCe40o,VebnBZOToao
W-XsOrCe40o,WqHDxlUy9K4
W-XsOrCe40o,57j4P1FN7ts
W-XsOrCe40o,363RgMenp1g
W-XsOrCe40o,oc_9Hh9R9cs
W-XsOrCe40o,QkOCO30Uw1c
W-XsOrCe40o,8wPgJjHQFQY
W-XsOrCe40o,udJ5n4I16_4
W-XsOrCe40o,mMKZq4elgck
W-XsOrCe40o,3b1GwA3FaMQ
W-XsOrCe40o,0CTp1a-aCUM
W-XsOrCe40o,6q3X23nvBqw
W-XsOrCe40o,pzPv6wXnbHc
W-XsOrCe40o,bYr0eoZgSm4
W-XsOrCe40o,QACrpN3Ut7w
W-XsOrCe40o,h0Oym7HX9Cc
W-XsOrCe40o,qOj2LN0zB74
W-XsOrCe40o,ere9q6aOrcU
W-XsOrCe40o,1zyVz0Dn-08
W-XsOrCe40o,Zys91omKoww
W-XsOrCe40o,xkRsH49ZChc
kWK4q8V_-iE,YcatQH49pWo
kWK4q8V_-iE,lsegWo6sUqk
kWK4q8V_-iE,rd13inJYbQk
kWK4q8V_-iE,MzvF3OVWgZM
kWK4q8V_-iE,nxaynDwqIvE
kWK4q8V_-iE,_Ghqb0EsiGE
kWK4q8V_-iE,sbLIU-Hr8BM
kWK4q8V_-iE,AM4JSsNIJ3E
kWK4q8V_-iE,eAmXtvNjUjQ
kWK4q8V_-iE,0j0dz9aHGRg
kWK4q8V_-iE,xkRsH49ZChc
GjC-YqjYpL8,8wPgJjHQFQY
GjC-YqjYpL8,Q9vd8yDgjlM
GjC-YqjYpL8,DZtaF4iZ6TI
GjC-YqjYpL8,7zoX3WQPITU
GjC-YqjYpL8,v-zwTQbO--s
GjC-YqjYpL8,udJ5n4I16_4
GjC-YqjYpL8,MxU03JjQMQU
GjC-YqjYpL8,6ibEuPAkSxI
GjC-YqjYpL8,8i3oc1DiAUw
GjC-YqjYpL8,mMKZq4elgck
h0Oym7HX9Cc,iYxFoYKLSMg
h0Oym7HX9Cc,1zyVz0Dn-08
h0Oym7HX9Cc,bomx-zjqF6Q
h0Oym7HX9Cc,iXvM76E6Tlo
h0Oym7HX9Cc,MXyKLYpjshQ
h0Oym7HX9Cc,ayiAtp6vWJI
h0Oym7HX9Cc,xkRsH49ZChc
h0Oym7HX9Cc,ntlD84LQ_gE
h0Oym7HX9Cc,cbQog6MBaHI
h0Oym7HX9Cc,50q2MEk3KsA
h0Oym7HX9Cc,YjoDGhHk2MU
h0Oym7HX9Cc,Zys91omKoww
h0Oym7HX9Cc,hOzXlv73F4Y
h0Oym7HX9Cc,te5ewbJ8SJs
9oaMyLPzW34,QkOCO30Uw1c
3b1GwA3FaMQ,ktgoio4SgCI
3b1GwA3FaMQ,Z_RFwzdjGQQ
3b1GwA3FaMQ,ere9q6aOrcU
3b1GwA3FaMQ,iYxFoYKLSMg
3b1GwA3FaMQ,yYJlcTSrIN0
3b1GwA3FaMQ,o3gmdM3ix9k
iYxFoYKLSMg,jXIsfYjFqKU
iYxFoYKLSMg,xK-YomaE8Go
iYxFoYKLSMg,OEXedoyp0_k
iYxFoYKLSMg,HGTQoZ-2PPI
iYxFoYKLSMg,KPvbOqg07xs
iYxFoYKLSMg,A9dA5EO35-Y
iYxFoYKLSMg,_EBbju24ES4
iYxFoYKLSMg,MVG4kj9CUio
iYxFoYKLSMg,StwOZ6Nl4WY
iYxFoYKLSMg,qip6Cnm5mJ4
iYxFoYKLSMg,yYJlcTSrIN0
iYxFoYKLSMg,0NxXxgT_TBk
iYxFoYKLSMg,2JUljTvFbDA
iYxFoYKLSMg,sPSADyT-mcI
iYxFoYKLSMg,BajgFuaHNFE
iYxFoYKLSMg,6mAbSkqzOB0
iYxFoYKLSMg,iFC040tJslE
iYxFoYKLSMg,lNUuUFdRcLU
iYxFoYKLSMg,Zys91omKoww
iYxFoYKLSMg,Rtsi5PkCh2k
iYxFoYKLSMg,kPKzAGb_hRA
UGz54o9HN_4,O6AYSUW_o2s
UGz54o9HN_4,ktgoio4SgCI
UGz54o9HN_4,8_NNBNCyY9o
UGz54o9HN_4,pS69Pb16pQ8
UGz54o9HN_4,pzPv6wXnbHc
UGz54o9HN_4,lNheKzNtDn0
UGz54o9HN_4,9mHknYmf4g4
UGz54o9HN_4,X5yRIPifHdQ
UGz54o9HN_4,Za7ocrweUVo
GNUAc1VexcQ,O6AYSUW_o2s
GNUAc1VexcQ,8_NNBNCyY9o
GNUAc1VexcQ,Za7ocrweUVo
GNUAc1VexcQ,MZnv4D9UxNo
GNUAc1VexcQ,-HZc1o6izjY
GNUAc1VexcQ,n8lGQd-5GwA
GNUAc1VexcQ,e4GWqyTTuCo
GNUAc1VexcQ,QkOCO30Uw1c
ktgoio4SgCI,FRVcKdda-1I
ktgoio4SgCI,VFGiHv-Ctmo
ktgoio4SgCI,qI6gFO4TM4Y
ktgoio4SgCI,363RgMenp1g
ktgoio4SgCI,ere9q6aOrcU
ktgoio4SgCI,vaqokVfr0OY
ktgoio4SgCI,VFjjTwt4Lgk
ktgoio4SgCI,8wPgJjHQFQY
ktgoio4SgCI,ZAeq44hFpyI
ktgoio4SgCI,Q3HXSD7Muro
ktgoio4SgCI,qOj2LN0zB74
ktgoio4SgCI,_JUCEk4OehM
ktgoio4SgCI,57j4P1FN7ts
Za7ocrweUVo,8_NNBNCyY9o
Za7ocrweUVo,e4GWqyTTuCo
Za7ocrweUVo,Db89J6cAvDk
Za7ocrweUVo,6Oc-X4px5a4
Za7ocrweUVo,qI6gFO4TM4Y
Za7ocrweUVo,bYr0eoZgSm4
Za7ocrweUVo,t7uwdRwSUn8
Za7ocrweUVo,Gh2FD9XYAh0
xClmWRGU1kk,Y0XE6v7j_iw
xClmWRGU1kk,93q40SgTf7I
xClmWRGU1kk,jOBWxs25Hko
xClmWRGU1kk,DsswJ3GQiqg
xClmWRGU1kk,Mrg7kMfHDDo
xClmWRGU1kk,kuG7AUNgAwY
VFGiHv-Ctmo,1dEHBt-rDVc
VFGiHv-Ctmo,ere9q6aOrcU
VFGiHv-Ctmo,bbP75y2yM-0
VFGiHv-Ctmo,qI6gFO4TM4Y
VFGiHv-Ctmo,vWl9v8Fqfn0
VFGiHv-Ctmo,363RgMenp1g
VFGiHv-Ctmo,OBfcxdr01V8
851Q-nPNx7I,JyZA2YN2wIk
851Q-nPNx7I,Gh2FD9XYAh0
851Q-nPNx7I,sVZViT-cnGo
851Q-nPNx7I,2yQijSooMWo
851Q-nPNx7I,DFhwY8LM6IM
851Q-nPNx7I,E1bFTTMGPuM
851Q-nPNx7I,XnLNCWMCFWs
851Q-nPNx7I,lbl-WJci6JA
851Q-nPNx7I,-Z4MkwoNi4o
851Q-nPNx7I,Vjkq8V5rVy0
851Q-nPNx7I,1vgMYNe4lcw
851Q-nPNx7I,oweVFXFFh04
851Q-nPNx7I,6JhYZEdSy8g
Db89J6cAvDk,AOZfy4PJKwI
Db89J6cAvDk,KfqmuJNRG3Q
Db89J6cAvDk,_l596xGQdtk
Db89J6cAvDk,G8902xO5JW4
Db89J6cAvDk,lNUuUFdRcLU
Db89J6cAvDk,QGtxhlas61g
Db89J6cAvDk,TwpkKayv4mM
Db89J6cAvDk,tpPm0v9PbOw
Db89J6cAvDk,HrsJ8jPwF88
Db89J6cAvDk,7HmNwA7Qeb4
Db89J6cAvDk,WTsEAffrWfE
Db89J6cAvDk,dh0H3wf10Mc
Db89J6cAvDk,Ntg_0QVYCIg
Db89J6cAvDk,g465rSQqapE
Db89J6cAvDk,fQmbVw8j2rE
Db89J6cAvDk,Rtsi5PkCh2k
Db89J6cAvDk,qUH4aNF5-lw
Db89J6cAvDk,BeRhEFoxumo
Db89J6cAvDk,IvbunhsRsJ0
Db89J6cAvDk,xl98p9ck764
Db89J6cAvDk,6ou435U5U2g
Db89J6cAvDk,iFC040tJslE
363RgMenp1g,Z_RFwzdjGQQ
363RgMenp1g,1dEHBt-rDVc
363RgMenp1g,oc_9Hh9R9cs
363RgMenp1g,WYefD8j7qIg
363RgMenp1g,pmpS9jSCJWY
363RgMenp1g,I3AsFugV2eM
363RgMenp1g,27aT39sJiOU
363RgMenp1g,Rlf1-oR7LvY
363RgMenp1g,XtinoEahvlk
363RgMenp1g,cdzCLGcfA-Y
363RgMenp1g,g8uYMXzFYoI
363RgMenp1g,ere9q6aOrcU
363RgMenp1g,8wPgJjHQFQY
363RgMenp1g,DZtaF4iZ6TI
363RgMenp1g,udJ5n4I16_4
363RgMenp1g,MxU03JjQMQU
363RgMenp1g,mMKZq4elgck
363RgMenp1g,o3gmdM3ix9k
363RgMenp1g,57j4P1FN7ts
363RgMenp1g,Zys91omKoww
363RgMenp1g,6ou435U5U2g
1dEHBt-rDVc,pzPv6wXnbHc
1dEHBt-rDVc,bT3yeK8qkeg
1dEHBt-rDVc,DZtaF4iZ6TI
1dEHBt-rDVc,7zoX3WQPITU
1dEHBt-rDVc,vaqokVfr0OY
1dEHBt-rDVc,bYr0eoZgSm4
1dEHBt-rDVc,WqHDxlUy9K4
1dEHBt-rDVc,Gh2FD9XYAh0
1dEHBt-rDVc,qOj2LN0zB74
1dEHBt-rDVc,MWd3JDMKcto
57j4P1FN7ts,ere9q6aOrcU
57j4P1FN7ts,oc_9Hh9R9cs
57j4P1FN7ts,eBtqwBQLZl4
57j4P1FN7ts,ayiAtp6vWJI
57j4P1FN7ts,l0q-QEw-pJY
57j4P1FN7ts,hvL5tRZeJJo
57j4P1FN7ts,yQq82u_4Jeg
57j4P1FN7ts,tjW-LQieYf8
qI6gFO4TM4Y,Z_RFwzdjGQQ
qI6gFO4TM4Y,ere9q6aOrcU
qI6gFO4TM4Y,bYr0eoZgSm4
QkOCO30Uw1c,dvpzMDTXZCU
QkOCO30Uw1c,CxZSRof5NeU
QkOCO30Uw1c,GfPv22cODrA
QkOCO30Uw1c,Vh29Pt7cCUA
QkOCO30Uw1c,8rV-fCa1Wt0
QkOCO30Uw1c,3r1--xjiucc
QkOCO30Uw1c,jwBUX3bdkHg
AOZfy4PJKwI,bT3yeK8qkeg
AOZfy4PJKwI,Gh2FD9XYAh0
AOZfy4PJKwI,2Q3bNSXDzoY
AOZfy4PJKwI,fAix0z4vR_A
AOZfy4PJKwI,JOSEWkydSHE
AOZfy4PJKwI,OWnT1bkHQto
AOZfy4PJKwI,0qSP183ffIY
8_NNBNCyY9o,1zyVz0Dn-08
bkGUWC-O-3M,FRVcKdda-1I
bkGUWC-O-3M,ere9q6aOrcU
bkGUWC-O-3M,qOj2LN0zB74
bkGUWC-O-3M,FuSwbmGGiOg
bkGUWC-O-3M,dWyxiqsaHZ8
bkGUWC-O-3M,HLtF01ENxyI
bkGUWC-O-3M,A9kl3_vnXjI
bkGUWC-O-3M,n4DX7OUDRQU
ere9q6aOrcU,bT3yeK8qkeg
ere9q6aOrcU,FRVcKdda-1I
ere9q6aOrcU,qOj2LN0zB74
ere9q6aOrcU,cdzCLGcfA-Y
ere9q6aOrcU,vWl9v8Fqfn0
ere9q6aOrcU,OBfcxdr01V8
ere9q6aOrcU,v-zwTQbO--s
ere9q6aOrcU,ZAeq44hFpyI
ere9q6aOrcU,Zi__3KBRunE
ere9q6aOrcU,hxerVqC-UP8
8wPgJjHQFQY,-aCNDn7UFAY
8wPgJjHQFQY,DZtaF4iZ6TI
8wPgJjHQFQY,HbjeL1iuA94
8wPgJjHQFQY,4KWe9grHwOE
8wPgJjHQFQY,R4FhOMw873A
8wPgJjHQFQY,MxU03JjQMQU
mMKZq4elgck,VebnBZOToao
mMKZq4elgck,R4FhOMw873A
mMKZq4elgck,Q9vd8yDgjlM
mMKZq4elgck,8i3oc1DiAUw
mMKZq4elgck,NKmi4-RytLk
mMKZq4elgck,_v7FGzlC0as
mMKZq4elgck,8iIIZV1hNcw
yYJlcTSrIN0,qip6Cnm5mJ4
yYJlcTSrIN0,oc_9Hh9R9cs
yYJlcTSrIN0,TjtuqWwVHdU
yYJlcTSrIN0,1YR5q7MpP1w
yYJlcTSrIN0,t7kkTBkcsA4
yYJlcTSrIN0,p2TxboD-EPI
yYJlcTSrIN0,A_kr0rvrf4E
yYJlcTSrIN0,WGt4Gx7ot4I
Z_RFwzdjGQQ,BjRlbT95LII
Z_RFwzdjGQQ,_bZwAYo3HKI
Z_RFwzdjGQQ,WqHDxlUy9K4
Z_RFwzdjGQQ,-Pc2ckh8fA4
Z_RFwzdjGQQ,hXLAB7xX3VM
Z_RFwzdjGQQ,mFE-E5LpStQ
Z_RFwzdjGQQ,HVHqbm_RuIY
Z_RFwzdjGQQ,WINbA7jER6w
Z_RFwzdjGQQ,vaqokVfr0OY
Z_RFwzdjGQQ,qn7RD02CAOo
vaqokVfr0OY,pzPv6wXnbHc
vaqokVfr0OY,u4yYoicI9xk
vaqokVfr0OY,oc_9Hh9R9cs
vaqokVfr0OY,7SU-G8uMCTg
vaqokVfr0OY,vWl9v8Fqfn0
vaqokVfr0OY,bYr0eoZgSm4
vaqokVfr0OY,y2P2TMs4W8s
vaqokVfr0OY,CgpoXyGlkQY
bYr0eoZgSm4,O6AYSUW_o2s
bYr0eoZgSm4,u4yYoicI9xk
bYr0eoZgSm4,7SU-G8uMCTg
bYr0eoZgSm4,erkKTCaj31I
bYr0eoZgSm4,qOj2LN0zB74
bYr0eoZgSm4,y2P2TMs4W8s
bT3yeK8qkeg,pzPv6wXnbHc
bT3yeK8qkeg,qOj2LN0zB74
bT3yeK8qkeg,JOSEWkydSHE
bT3yeK8qkeg,0qSP183ffIY
bT3yeK8qkeg,2xgj-POfU7Y
bT3yeK8qkeg,JMvHi4OyGhE
qOj2LN0zB74,Gh2FD9XYAh0
qOj2LN0zB74,DZtaF4iZ6TI
qOj2LN0zB74,Zys91omKoww
u4yYoicI9xk,pzPv6wXnbHc
u4yYoicI9xk,e4GWqyTTuCo
u4yYoicI9xk,7SU-G8uMCTg
u4yYoicI9xk,vWl9v8Fqfn0
u4yYoicI9xk,y2P2TMs4W8s
u4yYoicI9xk,f-2ShQOwWTE
u4yYoicI9xk,QACrpN3Ut7w
MzvF3OVWgZM,YcatQH49pWo
MzvF3OVWgZM,kyfMuEVV8c4
MzvF3OVWgZM,oPvItkvi3jc
MzvF3OVWgZM,flecCNe8yCA
MzvF3OVWgZM,X7PS6RTkCDc
MzvF3OVWgZM,BiTV0PLYY-Q
MzvF3OVWgZM,6Zl5uyRSmxE
MzvF3OVWgZM,eOZmORZcKHI
MzvF3OVWgZM,ccInDpls7ZU
YjoDGhHk2MU,1zyVz0Dn-08
YjoDGhHk2MU,lsegWo6sUqk
YjoDGhHk2MU,L-owDCMbHpU
YjoDGhHk2MU,yO2Nkf7n8x8
YjoDGhHk2MU,y6NVYDS-lx8
YjoDGhHk2MU,XqbqmVfNa4I
YjoDGhHk2MU,g9t9_vpNg8o
YjoDGhHk2MU,Xw8BjyzTXgo
YjoDGhHk2MU,-GWmYNEh1UM
YjoDGhHk2MU,jPb7YooJXB8
1zyVz0Dn-08,h9M4o92le2M
1zyVz0Dn-08,BCPSw0KgWHc
1zyVz0Dn-08,pnLwiq6-CNE
1zyVz0Dn-08,l9Jte3JdZwU
1zyVz0Dn-08,iIED7hAwVyM
1zyVz0Dn-08,xkRsH49ZChc
Zys91omKoww,HGTQoZ-2PPI
Zys91omKoww,6n1mMPn4U6w
Zys91omKoww,kTHEF77-jh4
Zys91omKoww,8fcBWg9-sEc
Zys91omKoww,Yavf7_96Zew
qHqElv07h9M,5ssApGWP44U
qHqElv07h9M,P7My_R3xV7w
qHqElv07h9M,MieE9C2sdqo
qHqElv07h9M,13razgR8q7g
qHqElv07h9M,__HDA25Fz-E
qHqElv07h9M,oMrZYU8k3_0
qHqElv07h9M,zYyAw-j6lkI
qHqElv07h9M,xwclx5F5Wfo
qHqElv07h9M,LgnF15mHqYE
qHqElv07h9M,mKwcS75-gaQ
Ob6TtZMVSps,U4E6klWmrNs
Ob6TtZMVSps,YNQFjOjZLy0
Ob6TtZMVSps,S36wMD5YoIo
Ob6TtZMVSps,5jznjl32N_s
Ob6TtZMVSps,tYpONgOmdEM
Ob6TtZMVSps,xCzsaNMhsoQ
Ob6TtZMVSps,JjWGwA-6FqU
Ob6TtZMVSps,Iqm9AZyr7Oc
Ob6TtZMVSps,HHSfoMV8qVA
Ob6TtZMVSps,QdSAaumWUV0
50q2MEk3KsA,BfCl_Obv9b8
50q2MEk3KsA,9Z8TFWzmYM4
50q2MEk3KsA,dSz18t4Ak6s
50q2MEk3KsA,imn0fpNRPIg
50q2MEk3KsA,BRKvvIp4gmE
50q2MEk3KsA,u2Vu-t8H-MM
50q2MEk3KsA,GwDSpRJzRkA
50q2MEk3KsA,GMABHCmOrb4
50q2MEk3KsA,zWPzxtd-vp4
oc_9Hh9R9cs,FrgKUjDQ6pg
oc_9Hh9R9cs,uGR8Pks2Lf0
oc_9Hh9R9cs,v1aFUVCR7p0
oc_9Hh9R9cs,4judtS9j0C8
oc_9Hh9R9cs,djWZgybtn24
oc_9Hh9R9cs,J35rU2-HuEM
oc_9Hh9R9cs,r0ib4VQbiBs
JyZA2YN2wIk,Gh2FD9XYAh0
JyZA2YN2wIk,4FYFgOAel6Q
JyZA2YN2wIk,N9MVALl48Eo
JyZA2YN2wIk,rPWSfMQioo4
JyZA2YN2wIk,lBox1k1bFxs
JyZA2YN2wIk,XnLNCWMCFWs
JyZA2YN2wIk,3UAOmMgl17s
JyZA2YN2wIk,_S96f2leP1U
Gh2FD9XYAh0,sVZViT-cnGo
Gh2FD9XYAh0,AtaxLxdvX4s
Gh2FD9XYAh0,Fp6aJZQldFs
Gh2FD9XYAh0,rVHjCDUBFeQ
Gh2FD9XYAh0,LCZQZMpfAWE
Gh2FD9XYAh0,h9T2DyglJn8
Gh2FD9XYAh0,oweVFXFFh04
lbl-WJci6JA,N9S_wa3TXJw
N9S_wa3TXJw,E1bFTTMGPuM
N9S_wa3TXJw,-Z4MkwoNi4o
N9S_wa3TXJw,1vgMYNe4lcw
N9S_wa3TXJw,ECrXRjHg-fI
N9S_wa3TXJw,ENezTi2rTTE
N9S_wa3TXJw,TT_BI5HEJqU
N9S_wa3TXJw,5n6yPxvMN08
N9S_wa3TXJw,MVUYIJRgUwk
N9S_wa3TXJw,OnrOtJzrwhk
DZtaF4iZ6TI,7zoX3WQPITU
DZtaF4iZ6TI,XoWFgS4IoSI
DZtaF4iZ6TI,zZT-4bleAkU
DZtaF4iZ6TI,uIRsTBemGcY
DZtaF4iZ6TI,uz38XhKWuCQ
DZtaF4iZ6TI,wzEOAbJ4vuo
QACrpN3Ut7w,E1bFTTMGPuM
QACrpN3Ut7w,OWnT1bkHQto
QACrpN3Ut7w,cIjbLK3w5Ks
QACrpN3Ut7w,bIIRor8z1Wk
QACrpN3Ut7w,JDRzEdRQF5s
QACrpN3Ut7w,yEtmZKE5jhw
QACrpN3Ut7w,_x8lmFjSB0A
QACrpN3Ut7w,c3RhabO8_Fs
QACrpN3Ut7w,6adEOQR3ea4
_EBbju24ES4,3r1--xjiucc
_EBbju24ES4,iFC040tJslE
_EBbju24ES4,jXIsfYjFqKU
_EBbju24ES4,HGTQoZ-2PPI
_EBbju24ES4,R9kTj8hBmTE
_EBbju24ES4,xZEsTF4L9js
_EBbju24ES4,p2l1tziC3uk
_EBbju24ES4,bKUw_kVQ8VY
_EBbju24ES4,B-hsVhK8FA4
_EBbju24ES4,_7BJsJcQQq4
_EBbju24ES4,QDimCWaaopU
A9dA5EO35-Y,6ou435U5U2g
A9dA5EO35-Y,lNUuUFdRcLU
A9dA5EO35-Y,xK-YomaE8Go
A9dA5EO35-Y,HGTQoZ-2PPI
A9dA5EO35-Y,UJClRKfbhk8
A9dA5EO35-Y,2JUljTvFbDA
A9dA5EO35-Y,lSxguYfM78Y
A9dA5EO35-Y,jeAfbTKmZng
A9dA5EO35-Y,5QbEqq-_t74
A9dA5EO35-Y,HRNEi-xSNVA
A9dA5EO35-Y,StwOZ6Nl4WY
A9dA5EO35-Y,MVG4kj9CUio
MVG4kj9CUio,jXIsfYjFqKU
MVG4kj9CUio,HGTQoZ-2PPI
MVG4kj9CUio,5QbEqq-_t74
MVG4kj9CUio,kurZNBI6U1Q
MVG4kj9CUio,CTUgVEB6eIM
MVG4kj9CUio,stCxLxBMjYA
MVG4kj9CUio,KplT_g4Cngk
MVG4kj9CUio,qip6Cnm5mJ4
Rtsi5PkCh2k,2JUljTvFbDA
Rtsi5PkCh2k,X7PS6RTkCDc
Rtsi5PkCh2k,tTOIhF3VVX4
Rtsi5PkCh2k,dDY3aczWOd0
Rtsi5PkCh2k,c6Xs29JsB1k
Rtsi5PkCh2k,bu4vQSR4ge4
Rtsi5PkCh2k,RdRurBDlwHY
qUH4aNF5-lw,lNUuUFdRcLU
qUH4aNF5-lw,fQmbVw8j2rE
qUH4aNF5-lw,2JUljTvFbDA
qUH4aNF5-lw,DtivhDdZhuA
qUH4aNF5-lw,PTK6B80ldqY
qUH4aNF5-lw,1WghY48n_OI
qUH4aNF5-lw,eqh_EGdmbpc
qUH4aNF5-lw,5QbEqq-_t74
qUH4aNF5-lw,BeRhEFoxumo
qUH4aNF5-lw,xl98p9ck764
2JUljTvFbDA,fQmbVw8j2rE
2JUljTvFbDA,IvbunhsRsJ0
2JUljTvFbDA,xl98p9ck764
2JUljTvFbDA,jXIsfYjFqKU
2JUljTvFbDA,xK-YomaE8Go
2JUljTvFbDA,StwOZ6Nl4WY
2JUljTvFbDA,qip6Cnm5mJ4
2JUljTvFbDA,mm_UidMxDcM
2JUljTvFbDA,5gkqwXf_mu0
2JUljTvFbDA,VcYAVlNRnHY
2JUljTvFbDA,PTO-RyZikm0
2JUljTvFbDA,CS7lKOy72Yg
2JUljTvFbDA,rf4Jlivg33k
BeRhEFoxumo,_l596xGQdtk
BeRhEFoxumo,7HmNwA7Qeb4
BeRhEFoxumo,WTsEAffrWfE
BeRhEFoxumo,O1gegTW4Kow
BeRhEFoxumo,6EBm2vWxe4o
BeRhEFoxumo,kinYx2vgdxs
BeRhEFoxumo,hwbxHLnJLbc
BeRhEFoxumo,IvbunhsRsJ0
IvbunhsRsJ0,qip6Cnm5mJ4
IvbunhsRsJ0,5gkqwXf_mu0
IvbunhsRsJ0,CS7lKOy72Yg
IvbunhsRsJ0,RZg6eiB7C84
IvbunhsRsJ0,xl98p9ck764
IvbunhsRsJ0,rf4Jlivg33k
xl98p9ck764,lNUuUFdRcLU
xl98p9ck764,7HmNwA7Qeb4
xl98p9ck764,WTsEAffrWfE
xl98p9ck764,fQmbVw8j2rE
xl98p9ck764,PbDWbzw-xbg
xl98p9ck764,whML39I7Q7Y
xl98p9ck764,mugo2Z5oRoo
6ou435U5U2g,KfqmuJNRG3Q
6ou435U5U2g,QGtxhlas61g
6ou435U5U2g,fQmbVw8j2rE
6ou435U5U2g,1WghY48n_OI
6ou435U5U2g,5gkqwXf_mu0
6ou435U5U2g,P7p_I_e6llo
6ou435U5U2g,ppY1bzsyKBY
WTsEAffrWfE,fAix0z4vR_A
WTsEAffrWfE,_l596xGQdtk
WTsEAffrWfE,lNUuUFdRcLU
WTsEAffrWfE,WdxHjoCQpJU
WTsEAffrWfE,5QbEqq-_t74
WTsEAffrWfE,rlbmb4X_oEA
WTsEAffrWfE,KdOvcK89FmM
WqHDxlUy9K4,v-zwTQbO--s
udJ5n4I16_4,Q9vd8yDgjlM
udJ5n4I16_4,Y-AzxG35dvY
udJ5n4I16_4,689MxPqFm2U
udJ5n4I16_4,ALOYf8iCoAs
udJ5n4I16_4,HEBZZ5fo_ME
udJ5n4I16_4,y3N_0IZion0
udJ5n4I16_4,RoBbjcc8d7k
udJ5n4I16_4,8i3oc1DiAUw
xkRsH49ZChc,bomx-zjqF6Q
xkRsH49ZChc,817o1_e3Prg
xkRsH49ZChc,onyZC1-Y7N8
xkRsH49ZChc,uGxs-jIKLFM
xkRsH49ZChc,9GWD2hZLSnA
xkRsH49ZChc,nmLlWdgWiPY
xkRsH49ZChc,eR1-K9Zx7Tk
YcatQH49pWo,rd13inJYbQk
YcatQH49pWo,s8hOSuMA7Uw
YcatQH49pWo,eAmXtvNjUjQ
YcatQH49pWo,gFZD5s3u-pg
YcatQH49pWo,_Ghqb0EsiGE
YcatQH49pWo,zNws3XGKW4s
YcatQH49pWo,OSFsBihsSnE
YcatQH49pWo,0j0dz9aHGRg
YcatQH49pWo,m16C9YtXP7E
lsegWo6sUqk,rd13inJYbQk
lsegWo6sUqk,eAmXtvNjUjQ
lsegWo6sUqk,_Ghqb0EsiGE
lsegWo6sUqk,0j0dz9aHGRg
lsegWo6sUqk,6Knpn7Sr2QU
lsegWo6sUqk,WVtO3d-CqyE
lsegWo6sUqk,TtXA6EZh3xU
lsegWo6sUqk,EJGQ9U25WFo
lsegWo6sUqk,tRkOtpeaWLw
lsegWo6sUqk,ju_YE1HkioQ
lsegWo6sUqk,2OZAEzECp3w
lsegWo6sUqk,6BC2uo4sMnw
rd13inJYbQk,AM4JSsNIJ3E
rd13inJYbQk,gFZD5s3u-pg
rd13inJYbQk,eOZmORZcKHI
rd13inJYbQk,nxaynDwqIvE
rd13inJYbQk,B82Ecgjo-pw
rd13inJYbQk,kMarS8rHsKc
rd13inJYbQk,ouN-fxoymoQ
rd13inJYbQk,0j0dz9aHGRg
_Ghqb0EsiGE,s8hOSuMA7Uw
_Ghqb0EsiGE,eAmXtvNjUjQ
_Ghqb0EsiGE,MbMCMSlAIm4
_Ghqb0EsiGE,ogzw8OhoNjw
_Ghqb0EsiGE,F3lirlMXr-o
_Ghqb0EsiGE,OSFsBihsSnE
_Ghqb0EsiGE,INBL47CcGvw
_Ghqb0EsiGE,5aGvQaP3Z_k
_Ghqb0EsiGE,AM4JSsNIJ3E
sbLIU-Hr8BM,OtI1iVADf7s
sbLIU-Hr8BM,Qi4ikK_GggM
sbLIU-Hr8BM,hhERrFCvyqM
sbLIU-Hr8BM,0rG7Lqz7nDM
sbLIU-Hr8BM,o5d43Ig0CX4
sbLIU-Hr8BM,LFrVj06Re4s
sbLIU-Hr8BM,560R9ShsfA8
sbLIU-Hr8BM,k8jBTuvGLQI
sbLIU-Hr8BM,bn7zDQKJya0
AM4JSsNIJ3E,s8hOSuMA7Uw
AM4JSsNIJ3E,eAmXtvNjUjQ
AM4JSsNIJ3E,zNws3XGKW4s
AM4JSsNIJ3E,OSFsBihsSnE
AM4JSsNIJ3E,2OZAEzECp3w
AM4JSsNIJ3E,b6retPUHr_4
AM4JSsNIJ3E,mKJBiZ9EM2I
AM4JSsNIJ3E,bAWxhvkCbmY
AM4JSsNIJ3E,RgbqP6PUxJ8
eAmXtvNjUjQ,s8hOSuMA7Uw
eAmXtvNjUjQ,0UJP2H1E2w4
eAmXtvNjUjQ,zVIqxksSYqg
eAmXtvNjUjQ,s3CEtnBq7U0
eAmXtvNjUjQ,zNws3XGKW4s
eAmXtvNjUjQ,2OZAEzECp3w
eAmXtvNjUjQ,0j0dz9aHGRg
0j0dz9aHGRg,b6retPUHr_4
0j0dz9aHGRg,db2rhB49IGo
0j0dz9aHGRg,XD6rkmmM3kQ
0j0dz9aHGRg,m16C9YtXP7E
0j0dz9aHGRg,MbMCMSlAIm4
0j0dz9aHGRg,X25er4gv2aQ
0j0dz9aHGRg,1TJb72NwdQw
Q9vd8yDgjlM,MxU03JjQMQU
Q9vd8yDgjlM,v-zwTQbO--s
Q9vd8yDgjlM,Y-AzxG35dvY
Q9vd8yDgjlM,_v7FGzlC0as
Q9vd8yDgjlM,689MxPqFm2U
Q9vd8yDgjlM,bZG6EJ6vXkI
Q9vd8yDgjlM,nrPwUvLZCAA
Q9vd8yDgjlM,n71_PXTSuN0
7zoX3WQPITU,-HZc1o6izjY
7zoX3WQPITU,zZT-4bleAkU
7zoX3WQPITU,DZXx7288mJs
7zoX3WQPITU,b-UI5jBmI8Q
7zoX3WQPITU,desX_DzDB0w
7zoX3WQPITU,_39GhkNaOCU
7zoX3WQPITU,QKZBAjoCl80
7zoX3WQPITU,vxKTm0WMpl0
v-zwTQbO--s,hXLAB7xX3VM
v-zwTQbO--s,mFE-E5LpStQ
v-zwTQbO--s,r0DGuJiojWM
v-zwTQbO--s,Uvqrbu6UBV4
v-zwTQbO--s,LvWVjnX0b5M
v-zwTQbO--s,iFKu48oIoj4
v-zwTQbO--s,fnNru8gEoKo
MxU03JjQMQU,689MxPqFm2U
MxU03JjQMQU,1CdyG8E9dew
MxU03JjQMQU,IjSKMzKgcQc
MxU03JjQMQU,7LJ5zSgozOI
MxU03JjQMQU,8i3oc1DiAUw
MxU03JjQMQU,rZhs222eSYs
MxU03JjQMQU,HEBZZ5fo_ME
6ibEuPAkSxI,R4FhOMw873A
6ibEuPAkSxI,uUuBI3f-UEA
6ibEuPAkSxI,uY0EWjTBVQ8
6ibEuPAkSxI,8iIIZV1hNcw
6ibEuPAkSxI,2O5aMEa7ylY
6ibEuPAkSxI,zixDFHnhsXI
6ibEuPAkSxI,vcrbu71gXEM
6ibEuPAkSxI,QWRZlk0BFwk
6ibEuPAkSxI,sVyglW_4fTI
8i3oc1DiAUw,Y-AzxG35dvY
8i3oc1DiAUw,689MxPqFm2U
8i3oc1DiAUw,n71_PXTSuN0
8i3oc1DiAUw,EQHgHfTruPQ
8i3oc1DiAUw,QQcWu5cEVug
8i3oc1DiAUw,GhNTWY-tHtA
hOzXlv73F4Y,rmrli-xtuOU
hOzXlv73F4Y,32ngBTiBZho
hOzXlv73F4Y,-LE7XRIqIqs
hOzXlv73F4Y,UTvJCZOAF7o
hOzXlv73F4Y,joudydwt2ho
te5ewbJ8SJs,1B-hM6gYhS8
te5ewbJ8SJs,WlpyvZUcj2Q
te5ewbJ8SJs,eZi7iMKQTQc
te5ewbJ8SJs,eSoffftjpho
te5ewbJ8SJs,0Wr4MHiox1g
te5ewbJ8SJs,OK8Bnfp48EI
te5ewbJ8SJs,q_axRioN2Rw
te5ewbJ8SJs,5hmnTS_-l2U
te5ewbJ8SJs,l8dW5TQxKk0
te5ewbJ8SJs,M4pSHsTh4m0
o3gmdM3ix9k,tfR5twMJHK4
o3gmdM3ix9k,rDlb11gM0lg
o3gmdM3ix9k,uWsfea67aFU
o3gmdM3ix9k,r1eQ1RaurDg
o3gmdM3ix9k,Aj8M_Xf1O4g
o3gmdM3ix9k,kIlZoAUqh-Y
o3gmdM3ix9k,MwroptsgEYc
o3gmdM3ix9k,_ysEd3xMreg
o3gmdM3ix9k,9XAWQckoF2A
jXIsfYjFqKU,iFC040tJslE
jXIsfYjFqKU,StwOZ6Nl4WY
jXIsfYjFqKU,HGTQoZ-2PPI
jXIsfYjFqKU,k9ebntGQZaI
jXIsfYjFqKU,B-hsVhK8FA4
jXIsfYjFqKU,uunePqL4RCg
jXIsfYjFqKU,rdDJUn55Z3M
jXIsfYjFqKU,p2l1tziC3uk
jXIsfYjFqKU,xK-YomaE8Go
xK-YomaE8Go,iFC040tJslE
xK-YomaE8Go,sPSADyT-mcI
xK-YomaE8Go,HGTQoZ-2PPI
OEXedoyp0_k,iFC040tJslE
OEXedoyp0_k,kPKzAGb_hRA
OEXedoyp0_k,HGTQoZ-2PPI
HGTQoZ-2PPI,iFC040tJslE
HGTQoZ-2PPI,StwOZ6Nl4WY
HGTQoZ-2PPI,p2l1tziC3uk
HGTQoZ-2PPI,6eHQ0U5lS8M
KPvbOqg07xs,kPKzAGb_hRA
StwOZ6Nl4WY,sPSADyT-mcI
StwOZ6Nl4WY,B-hsVhK8FA4
StwOZ6Nl4WY,p2l1tziC3uk
StwOZ6Nl4WY,qip6Cnm5mJ4
StwOZ6Nl4WY,RiSpmFlX5XU
sPSADyT-mcI,QDimCWaaopU
sPSADyT-mcI,B-hsVhK8FA4
sPSADyT-mcI,xSSbfeDZvaE
sPSADyT-mcI,lSxguYfM78Y
sPSADyT-mcI,UJClRKfbhk8
sPSADyT-mcI,j7VSWGkv4dQ
sPSADyT-mcI,p2l1tziC3uk
sPSADyT-mcI,rdDJUn55Z3M
sPSADyT-mcI,_7kCoJQZJ6w
iFC040tJslE,uunePqL4RCg
iFC040tJslE,8ImcsUUrAWQ
iFC040tJslE,p2l1tziC3uk
kPKzAGb_hRA,E0hiKWGZU5I
kPKzAGb_hRA,1CqP8I7hje4
kPKzAGb_hRA,e7BQzUM3F9Q
kPKzAGb_hRA,Dyaxjxpwpvk
kPKzAGb_hRA,SidgkXO3u3I
kPKzAGb_hRA,pk7Y-Crr3ok
kPKzAGb_hRA,3T02NuBnKrs
kPKzAGb_hRA,ekRMfDUl10g
