znxAgjeAgeQ,jg3gG1X8L08
znxAgjeAgeQ,Y5VSvL8VGpE
znxAgjeAgeQ,JBBh874X21o
znxAgjeAgeQ,ItPf2eAtw2c
znxAgjeAgeQ,BP2G28694z8
znxAgjeAgeQ,2ZpoYvXDk3o
znxAgjeAgeQ,DYMo9bZWVHo
znxAgjeAgeQ,Oc7kP3Fv7hw
znxAgjeAgeQ,a58osGe7MCI
znxAgjeAgeQ,MA8reahSL0g
znxAgjeAgeQ,jIFPEauoEPs
znxAgjeAgeQ,SSauaiwAJ2E
znxAgjeAgeQ,Y0kAn7c9fcA
znxAgjeAgeQ,VDkzTl7maj8
znxAgjeAgeQ,hxYYVMqhk28
znxAgjeAgeQ,hNUbo8MSqco
znxAgjeAgeQ,CPeAIMvGXoc
jg3gG1X8L08,Y5VSvL8VGpE
jg3gG1X8L08,eAh0JFwofrs
jg3gG1X8L08,VDkzTl7maj8
jg3gG1X8L08,zygtkJfNkJg
jg3gG1X8L08,JBBh874X21o
jg3gG1X8L08,jIFPEauoEPs
jg3gG1X8L08,EO9ltVFCs5E
jg3gG1X8L08,b9FHAuO65aw
jg3gG1X8L08,ItPf2eAtw2c
jg3gG1X8L08,OL0E3zpAB_A
jg3gG1X8L08,CPeAIMvGXoc
jg3gG1X8L08,pUpTPaouP6c
jg3gG1X8L08,pdpwfHptoFA
jg3gG1X8L08,GI3eeInVfFM
jg3gG1X8L08,49wzCVbrkag
Y5VSvL8VGpE,BP2G28694z8
Y5VSvL8VGpE,eAh0JFwofrs
Y5VSvL8VGpE,ItPf2eAtw2c
Y5VSvL8VGpE,jIFPEauoEPs
Y5VSvL8VGpE,dpiNYrPasac
Y5VSvL8VGpE,CPeAIMvGXoc
Y5VSvL8VGpE,VDkzTl7maj8
Y5VSvL8VGpE,rCSR87Gc4IM
Y5VSvL8VGpE,K2BMAUWlY6U
Y5VSvL8VGpE,JBBh874X21o
Y5VSvL8VGpE,b9FHAuO65aw
Y5VSvL8VGpE,Y0kAn7c9fcA
Y5VSvL8VGpE,N1x4RSltdj4
BP2G28694z8,VgNUGxBDxUA
BP2G28694z8,etzcN6g-vNY
BP2G28694z8,atKDrGedg_w
BP2G28694z8,9Hpy6MKM-J8
BP2G28694z8,ayjck76iSOA
BP2G28694z8,wNxyn6tVXbs
BP2G28694z8,vpmlGMZSpvQ
BP2G28694z8,uazPP0ny3XQ
BP2G28694z8,dNpdMYB8pZs
BP2G28694z8,dRS4eatZM9M
BP2G28694z8,Y0kAn7c9fcA
BP2G28694z8,VRAJNLPAiEY
BP2G28694z8,Y4ICbYtBGzA
eAh0JFwofrs,jIFPEauoEPs
eAh0JFwofrs,CPeAIMvGXoc
eAh0JFwofrs,Oc7kP3Fv7hw
eAh0JFwofrs,DKHJJjUOy98
eAh0JFwofrs,pUpTPaouP6c
eAh0JFwofrs,6LIjksZ6PmY
eAh0JFwofrs,JBBh874X21o
eAh0JFwofrs,2ZpoYvXDk3o
eAh0JFwofrs,ItPf2eAtw2c
eAh0JFwofrs,zygtkJfNkJg
eAh0JFwofrs,kfYYaVd5h_w
eAh0JFwofrs,DNRgmlEPzog
eAh0JFwofrs,TGWcKOpfuR8
eAh0JFwofrs,rVHjCDUBFeQ
eAh0JFwofrs,3MJJvXGuDag
eAh0JFwofrs,qip6Cnm5mJ4
ItPf2eAtw2c,JBBh874X21o
ItPf2eAtw2c,jIFPEauoEPs
ItPf2eAtw2c,HrquuGp3Cjw
ItPf2eAtw2c,nAYgO9tD2qM
ItPf2eAtw2c,Y0kAn7c9fcA
ItPf2eAtw2c,VDkzTl7maj8
ItPf2eAtw2c,rCSR87Gc4IM
ItPf2eAtw2c,DYMo9bZWVHo
ItPf2eAtw2c,pUpTPaouP6c
ItPf2eAtw2c,qip6Cnm5mJ4
ItPf2eAtw2c,Db89J6cAvDk
ItPf2eAtw2c,b9FHAuO65aw
ItPf2eAtw2c,CPeAIMvGXoc
ItPf2eAtw2c,0txz-2vqevs
ItPf2eAtw2c,v0BHGqKTsbc
ItPf2eAtw2c,ibIjlXSagME
ItPf2eAtw2c,zygtkJfNkJg
ItPf2eAtw2c,mm_UidMxDcM
ItPf2eAtw2c,vOko7_HyG8o
ItPf2eAtw2c,TGWcKOpfuR8
jIFPEauoEPs,VDkzTl7maj8
jIFPEauoEPs,zygtkJfNkJg
jIFPEauoEPs,rCSR87Gc4IM
jIFPEauoEPs,b9FHAuO65aw
jIFPEauoEPs,CPeAIMvGXoc
jIFPEauoEPs,v0BHGqKTsbc
jIFPEauoEPs,mwJUdBp_HQk
jIFPEauoEPs,CwyBN7u84Qo
jIFPEauoEPs,R67eh75c_OQ
jIFPEauoEPs,Db89J6cAvDk
jIFPEauoEPs,JBBh874X21o
jIFPEauoEPs,kfYYaVd5h_w
jIFPEauoEPs,0txz-2vqevs
jIFPEauoEPs,2RbhqFhwYyw
jIFPEauoEPs,7Z2iQp2q0G4
jIFPEauoEPs,5ZLV_Mv4IXg
jIFPEauoEPs,MA8reahSL0g
jIFPEauoEPs,pUpTPaouP6c
jIFPEauoEPs,qip6Cnm5mJ4
jIFPEauoEPs,UPMKUNFkYGY
jIFPEauoEPs,XC8l90KNNDQ
jIFPEauoEPs,_oBIRf3UAUg
jIFPEauoEPs,Y0kAn7c9fcA
jIFPEauoEPs,HzYKPsSQySY
jIFPEauoEPs,DKHJJjUOy98
dpiNYrPasac,rLFUnCUyPko
dpiNYrPasac,-aIZ6X1P1G4
dpiNYrPasac,tKna0bU-2Ag
dpiNYrPasac,Sj5eue4jm9c
dpiNYrPasac,2Qb9mzqxr3c
dpiNYrPasac,_ukNvDl1rj0
dpiNYrPasac,kk-nmbNJ9ko
dpiNYrPasac,einPJg28S6U
dpiNYrPasac,ayjck76iSOA
dpiNYrPasac,aA5b0EejINs
CPeAIMvGXoc,VDkzTl7maj8
CPeAIMvGXoc,zygtkJfNkJg
CPeAIMvGXoc,b9FHAuO65aw
CPeAIMvGXoc,0txz-2vqevs
CPeAIMvGXoc,kfYYaVd5h_w
CPeAIMvGXoc,7Z2iQp2q0G4
CPeAIMvGXoc,v0BHGqKTsbc
CPeAIMvGXoc,Ej9zJYfkisw
CPeAIMvGXoc,pUpTPaouP6c
CPeAIMvGXoc,DKHJJjUOy98
CPeAIMvGXoc,CwyBN7u84Qo
CPeAIMvGXoc,R67eh75c_OQ
CPeAIMvGXoc,_oBIRf3UAUg
CPeAIMvGXoc,nugFK4e5dMo
CPeAIMvGXoc,JBBh874X21o
CPeAIMvGXoc,MA8reahSL0g
CPeAIMvGXoc,K2BMAUWlY6U
CPeAIMvGXoc,Db89J6cAvDk
VDkzTl7maj8,0txz-2vqevs
VDkzTl7maj8,kfYYaVd5h_w
VDkzTl7maj8,7Z2iQp2q0G4
VDkzTl7maj8,5ZLV_Mv4IXg
VDkzTl7maj8,nugFK4e5dMo
VDkzTl7maj8,hKTc5U6IhAY
VDkzTl7maj8,pUpTPaouP6c
VDkzTl7maj8,R67eh75c_OQ
VDkzTl7maj8,EO9ltVFCs5E
VDkzTl7maj8,rCSR87Gc4IM
VDkzTl7maj8,mwJUdBp_HQk
VDkzTl7maj8,HzYKPsSQySY
VDkzTl7maj8,pdpwfHptoFA
VDkzTl7maj8,DKHJJjUOy98
rCSR87Gc4IM,b9FHAuO65aw
rCSR87Gc4IM,5ZLV_Mv4IXg
rCSR87Gc4IM,JBBh874X21o
rCSR87Gc4IM,2RbhqFhwYyw
rCSR87Gc4IM,DKHJJjUOy98
rCSR87Gc4IM,qip6Cnm5mJ4
rCSR87Gc4IM,IGh663zSdgw
rCSR87Gc4IM,HzYKPsSQySY
rCSR87Gc4IM,UPMKUNFkYGY
rCSR87Gc4IM,49wzCVbrkag
K2BMAUWlY6U,CwyBN7u84Qo
K2BMAUWlY6U,pUpTPaouP6c
K2BMAUWlY6U,DkWHv942xJU
K2BMAUWlY6U,ttrgMi1fuek
K2BMAUWlY6U,qip6Cnm5mJ4
K2BMAUWlY6U,Db89J6cAvDk
K2BMAUWlY6U,vUm8Mf2xTHc
K2BMAUWlY6U,-Qm5LdnkgK0
K2BMAUWlY6U,fiM5pgdx44k
K2BMAUWlY6U,EO9ltVFCs5E
Oc7kP3Fv7hw,JBBh874X21o
Oc7kP3Fv7hw,Y0kAn7c9fcA
Oc7kP3Fv7hw,jAbG2DHu8lY
Oc7kP3Fv7hw,q8zrgn7r1kQ
Oc7kP3Fv7hw,TGWcKOpfuR8
Oc7kP3Fv7hw,HFAzxA-grmU
Oc7kP3Fv7hw,pzPv6wXnbHc
Oc7kP3Fv7hw,HrquuGp3Cjw
Oc7kP3Fv7hw,GI3eeInVfFM
Oc7kP3Fv7hw,bYr0eoZgSm4
Oc7kP3Fv7hw,jqaThgBLg4I
Oc7kP3Fv7hw,u4yYoicI9xk
Oc7kP3Fv7hw,ipi8RW-Krh4
Oc7kP3Fv7hw,icqCyLoW3bM
Oc7kP3Fv7hw,jRKos14OY6o
DKHJJjUOy98,0txz-2vqevs
DKHJJjUOy98,zygtkJfNkJg
DKHJJjUOy98,v0BHGqKTsbc
DKHJJjUOy98,EO9ltVFCs5E
DKHJJjUOy98,pUpTPaouP6c
DKHJJjUOy98,CwyBN7u84Qo
DKHJJjUOy98,Db89J6cAvDk
DKHJJjUOy98,NOvepavuCm4
pUpTPaouP6c,zygtkJfNkJg
pUpTPaouP6c,CwyBN7u84Qo
pUpTPaouP6c,NOvepavuCm4
pUpTPaouP6c,HS1ZDRhsPEU
pUpTPaouP6c,v0BHGqKTsbc
pUpTPaouP6c,N1x4RSltdj4
pUpTPaouP6c,a58osGe7MCI
pUpTPaouP6c,qip6Cnm5mJ4
pUpTPaouP6c,mm_UidMxDcM
pUpTPaouP6c,gx8LPlvJ834
pUpTPaouP6c,_oBIRf3UAUg
JBBh874X21o,zygtkJfNkJg
JBBh874X21o,HrquuGp3Cjw
JBBh874X21o,2ZpoYvXDk3o
JBBh874X21o,eMyDaL3g1bs
JBBh874X21o,CwyBN7u84Qo
JBBh874X21o,GI3eeInVfFM
JBBh874X21o,kfYYaVd5h_w
JBBh874X21o,b9FHAuO65aw
JBBh874X21o,Y0kAn7c9fcA
JBBh874X21o,_oBIRf3UAUg
JBBh874X21o,Fjb72jZ3SpA
JBBh874X21o,TGWcKOpfuR8
JBBh874X21o,mYUXhQoblNo
JBBh874X21o,qip6Cnm5mJ4
JBBh874X21o,W-XsOrCe40o
2ZpoYvXDk3o,Y0kAn7c9fcA
2ZpoYvXDk3o,vpNB6obkqfE
2ZpoYvXDk3o,0i0x7EPcYUw
2ZpoYvXDk3o,mHYA0o0MBTs
2ZpoYvXDk3o,f0e-Soo1qFQ
2ZpoYvXDk3o,HrquuGp3Cjw
2ZpoYvXDk3o,Db89J6cAvDk
2ZpoYvXDk3o,e4GWqyTTuCo
2ZpoYvXDk3o,-p92CwIHgIA
2ZpoYvXDk3o,GI3eeInVfFM
2ZpoYvXDk3o,iYxFoYKLSMg
0txz-2vqevs,5xRwV9z0yhA
0txz-2vqevs,nugFK4e5dMo
0txz-2vqevs,EO9ltVFCs5E
0txz-2vqevs,kfYYaVd5h_w
0txz-2vqevs,YnqAxBYNlJc
0txz-2vqevs,R67eh75c_OQ
0txz-2vqevs,pdpwfHptoFA
0txz-2vqevs,7Z2iQp2q0G4
0txz-2vqevs,mwJUdBp_HQk
0txz-2vqevs,UPMKUNFkYGY
0txz-2vqevs,zygtkJfNkJg
0txz-2vqevs,_oBIRf3UAUg
kfYYaVd5h_w,b9FHAuO65aw
kfYYaVd5h_w,5ZLV_Mv4IXg
kfYYaVd5h_w,7Z2iQp2q0G4
kfYYaVd5h_w,IGh663zSdgw
kfYYaVd5h_w,OPnYmU0Zbdg
kfYYaVd5h_w,EO9ltVFCs5E
kfYYaVd5h_w,hKTc5U6IhAY
kfYYaVd5h_w,nugFK4e5dMo
kfYYaVd5h_w,mwJUdBp_HQk
kfYYaVd5h_w,UPMKUNFkYGY
kfYYaVd5h_w,_oBIRf3UAUg
kfYYaVd5h_w,R67eh75c_OQ
7Z2iQp2q0G4,nugFK4e5dMo
7Z2iQp2q0G4,MA8reahSL0g
7Z2iQp2q0G4,-CK4pLMn8-s
7Z2iQp2q0G4,XC8l90KNNDQ
7Z2iQp2q0G4,b9FHAuO65aw
5ZLV_Mv4IXg,OPnYmU0Zbdg
5ZLV_Mv4IXg,-KTwznOBVL0
5ZLV_Mv4IXg,nWjgLpKGeZw
5ZLV_Mv4IXg,Eot3bdeElpg
5ZLV_Mv4IXg,PdAWXtpbLuM
5ZLV_Mv4IXg,b9FHAuO65aw
5ZLV_Mv4IXg,-fq4BCcbNME
5ZLV_Mv4IXg,nugFK4e5dMo
5ZLV_Mv4IXg,R67eh75c_OQ
5ZLV_Mv4IXg,HzYKPsSQySY
nugFK4e5dMo,IGh663zSdgw
nugFK4e5dMo,hKTc5U6IhAY
nugFK4e5dMo,b9FHAuO65aw
nugFK4e5dMo,W-kUwe1z85A
nugFK4e5dMo,mwJUdBp_HQk
nugFK4e5dMo,R67eh75c_OQ
hKTc5U6IhAY,qUqC712Lupc
hKTc5U6IhAY,W-kUwe1z85A
hKTc5U6IhAY,F509-pwzies
hKTc5U6IhAY,H9O-XS6tqEY
hKTc5U6IhAY,b9FHAuO65aw
hKTc5U6IhAY,tSyBWtdJCLk
hKTc5U6IhAY,MA8reahSL0g
hKTc5U6IhAY,7Cs-AMjyVbM
hKTc5U6IhAY,gz-MN3s-jcQ
hKTc5U6IhAY,_oBIRf3UAUg
R67eh75c_OQ,49wzCVbrkag
R67eh75c_OQ,jAbG2DHu8lY
R67eh75c_OQ,XC8l90KNNDQ
R67eh75c_OQ,kGDLDljaYxg
R67eh75c_OQ,v0BHGqKTsbc
R67eh75c_OQ,XXGRr10bgLs
R67eh75c_OQ,b9FHAuO65aw
R67eh75c_OQ,2RbhqFhwYyw
zygtkJfNkJg,v0BHGqKTsbc
zygtkJfNkJg,6ocHIjbDQuE
zygtkJfNkJg,5qmMjOerndU
zygtkJfNkJg,EO9ltVFCs5E
zygtkJfNkJg,_dTnfpmDAqg
zygtkJfNkJg,GWF5QPvnVGE
zygtkJfNkJg,Db89J6cAvDk
zygtkJfNkJg,zaHLXhLIQ0k
v0BHGqKTsbc,OL0E3zpAB_A
v0BHGqKTsbc,b9FHAuO65aw
v0BHGqKTsbc,VSzdWlXP-Bo
v0BHGqKTsbc,NOvepavuCm4
v0BHGqKTsbc,EO9ltVFCs5E
v0BHGqKTsbc,Db89J6cAvDk
EO9ltVFCs5E,CwyBN7u84Qo
EO9ltVFCs5E,2DSMNJE4Ums
EO9ltVFCs5E,RxfZ__J4fBY
EO9ltVFCs5E,pdpwfHptoFA
EO9ltVFCs5E,b9FHAuO65aw
EO9ltVFCs5E,eMyDaL3g1bs
EO9ltVFCs5E,7Rqdav6Ghaw
EO9ltVFCs5E,OL0E3zpAB_A
HrquuGp3Cjw,q8zrgn7r1kQ
HrquuGp3Cjw,pMexaWah9fU
HrquuGp3Cjw,cSRXw8scDnY
HrquuGp3Cjw,mHYA0o0MBTs
HrquuGp3Cjw,rNCYf5rhRDM
HrquuGp3Cjw,cdzCLGcfA-Y
HrquuGp3Cjw,7LUDtRYa8xU
HrquuGp3Cjw,OImhn7140vg
HrquuGp3Cjw,jAbG2DHu8lY
HrquuGp3Cjw,GcLPDeJf3Gg
HrquuGp3Cjw,GI3eeInVfFM
HrquuGp3Cjw,Y0kAn7c9fcA
HrquuGp3Cjw,TGWcKOpfuR8
HrquuGp3Cjw,DYMo9bZWVHo
HrquuGp3Cjw,mKUSz1WzC10
HrquuGp3Cjw,QY4gWjirYR4
HrquuGp3Cjw,5A2FdK4PPP0
HrquuGp3Cjw,8S8mie3bwtw
HrquuGp3Cjw,VcYAVlNRnHY
HrquuGp3Cjw,W-XsOrCe40o
HrquuGp3Cjw,Fjb72jZ3SpA
eMyDaL3g1bs,CwyBN7u84Qo
CwyBN7u84Qo,851Q-nPNx7I
CwyBN7u84Qo,NOvepavuCm4
CwyBN7u84Qo,OWnT1bkHQto
CwyBN7u84Qo,a58osGe7MCI
CwyBN7u84Qo,RBd2sm-0eyM
CwyBN7u84Qo,OBxvLq4znTU
CwyBN7u84Qo,HzYKPsSQySY
CwyBN7u84Qo,_oBIRf3UAUg
CwyBN7u84Qo,OL0E3zpAB_A
CwyBN7u84Qo,mVBzsB86IX8
CwyBN7u84Qo,CtJCOAmURMU
CwyBN7u84Qo,IOfQKUuvC-s
CwyBN7u84Qo,N3BMx_Wt5Lk
CwyBN7u84Qo,KPvbOqg07xs
GI3eeInVfFM,q8zrgn7r1kQ
GI3eeInVfFM,d3Z_lqEGUtM
GI3eeInVfFM,mHYA0o0MBTs
GI3eeInVfFM,olk8RBK2nSs
GI3eeInVfFM,cSRXw8scDnY
GI3eeInVfFM,ibIjlXSagME
GI3eeInVfFM,pMexaWah9fU
GI3eeInVfFM,LeL5huGGtLA
GI3eeInVfFM,0OIMNFxL7qc
GI3eeInVfFM,Y0kAn7c9fcA
GI3eeInVfFM,qip6Cnm5mJ4
GI3eeInVfFM,Mn4BGOpgGWE
GI3eeInVfFM,xK-YomaE8Go
GI3eeInVfFM,T-JDnw5_a0k
GI3eeInVfFM,cvdckVZXpZU
b9FHAuO65aw,UPMKUNFkYGY
b9FHAuO65aw,4CboBt_syi4
b9FHAuO65aw,1YR5q7MpP1w
b9FHAuO65aw,IGh663zSdgw
b9FHAuO65aw,2fmdvr4evBE
b9FHAuO65aw,ftkIcUQLURs
b9FHAuO65aw,cX0q-yFFQrQ
b9FHAuO65aw,QzMBjGOBpYA
b9FHAuO65aw,G77vag7hjaQ
b9FHAuO65aw,2RbhqFhwYyw
b9FHAuO65aw,iYxFoYKLSMg
b9FHAuO65aw,YBl7Xzq2tTI
b9FHAuO65aw,yXCVHU7RgA8
b9FHAuO65aw,Db89J6cAvDk
b9FHAuO65aw,qip6Cnm5mJ4
b9FHAuO65aw,pdpwfHptoFA
b9FHAuO65aw,mwJUdBp_HQk
b9FHAuO65aw,OL0E3zpAB_A
b9FHAuO65aw,_oBIRf3UAUg
mwJUdBp_HQk,2RbhqFhwYyw
mwJUdBp_HQk,-PViM3A03OM
mwJUdBp_HQk,IGh663zSdgw
mwJUdBp_HQk,49TZpD1pDoo
mwJUdBp_HQk,qUqC712Lupc
mwJUdBp_HQk,UPMKUNFkYGY
mwJUdBp_HQk,HzYKPsSQySY
Db89J6cAvDk,bYr0eoZgSm4
Db89J6cAvDk,_oBIRf3UAUg
Db89J6cAvDk,qip6Cnm5mJ4
pdpwfHptoFA,OL0E3zpAB_A
OL0E3zpAB_A,I25Zne0yGoA
OL0E3zpAB_A,N1x4RSltdj4
OL0E3zpAB_A,vOko7_HyG8o
OL0E3zpAB_A,0Ngak2xfIrc
OL0E3zpAB_A,MEEa3VDYInY
OL0E3zpAB_A,IfyigKpVtXw
OL0E3zpAB_A,1TJb72NwdQw
UPMKUNFkYGY,49TZpD1pDoo
UPMKUNFkYGY,HzYKPsSQySY
UPMKUNFkYGY,H9O-XS6tqEY
UPMKUNFkYGY,-PViM3A03OM
UPMKUNFkYGY,2RbhqFhwYyw
Y0kAn7c9fcA,q8zrgn7r1kQ
Y0kAn7c9fcA,tmJisZPiQDo
Y0kAn7c9fcA,hNUbo8MSqco
vOko7_HyG8o,D478mvma62o
vOko7_HyG8o,1TJb72NwdQw
vOko7_HyG8o,ZJbmN2WT6x8
vOko7_HyG8o,qd6cSacs0js
vOko7_HyG8o,-N4oSq2s7PI
vOko7_HyG8o,ACn_SWYO-84
vOko7_HyG8o,7HEQ4dpR3EU
vOko7_HyG8o,CTu2uvTconE
vOko7_HyG8o,yqbdE7oa9h0
vOko7_HyG8o,NVD3Er1cRUw
VgNUGxBDxUA,ayjck76iSOA
VgNUGxBDxUA,fzyd02CXf-I
VgNUGxBDxUA,N5DGzm7xHRA
VgNUGxBDxUA,uazPP0ny3XQ
VgNUGxBDxUA,VpX-PQVjtpA
VgNUGxBDxUA,KksNmtyozDg
VgNUGxBDxUA,etzcN6g-vNY
VgNUGxBDxUA,Y4ICbYtBGzA
VgNUGxBDxUA,1Bn50keR6UY
ayjck76iSOA,9Hpy6MKM-J8
ayjck76iSOA,uazPP0ny3XQ
ayjck76iSOA,dNpdMYB8pZs
ayjck76iSOA,AgtOCNCejQ8
ayjck76iSOA,tKna0bU-2Ag
ayjck76iSOA,czY7sp5c_Xs
ayjck76iSOA,SQcweV-xns0
ayjck76iSOA,icij8EjisiM
ayjck76iSOA,hPn-ftB9GFg
ayjck76iSOA,dLwi_opxLxs
fzyd02CXf-I,etzcN6g-vNY
N5DGzm7xHRA,uazPP0ny3XQ
uazPP0ny3XQ,vpmlGMZSpvQ
uazPP0ny3XQ,343uIM0pqSE
uazPP0ny3XQ,tuyh5foRZ9E
uazPP0ny3XQ,41DD2V8UfzQ
uazPP0ny3XQ,6RhyIp8jSj8
uazPP0ny3XQ,v9Y8HOdGkJQ
uazPP0ny3XQ,r6sGWTCMz2k
uazPP0ny3XQ,Y4ICbYtBGzA
uazPP0ny3XQ,etzcN6g-vNY
uazPP0ny3XQ,dRS4eatZM9M
etzcN6g-vNY,LGYlT6DsfH8
etzcN6g-vNY,6RhyIp8jSj8
etzcN6g-vNY,wNxyn6tVXbs
etzcN6g-vNY,zxJzHzt9z3o
etzcN6g-vNY,vpmlGMZSpvQ
etzcN6g-vNY,Y4ICbYtBGzA
etzcN6g-vNY,AgtOCNCejQ8
etzcN6g-vNY,IsKBRj6_VSs
etzcN6g-vNY,9Hpy6MKM-J8
etzcN6g-vNY,dNpdMYB8pZs
Y4ICbYtBGzA,9Hpy6MKM-J8
Y4ICbYtBGzA,vpmlGMZSpvQ
Y4ICbYtBGzA,dNpdMYB8pZs
6RhyIp8jSj8,wNxyn6tVXbs
6RhyIp8jSj8,vpmlGMZSpvQ
wNxyn6tVXbs,9Hpy6MKM-J8
wNxyn6tVXbs,0_ZzZzvxnP0
wNxyn6tVXbs,spE5_QW2nh8
wNxyn6tVXbs,vpmlGMZSpvQ
wNxyn6tVXbs,K3CahQtchaI
wNxyn6tVXbs,rxPTXj-QgPQ
wNxyn6tVXbs,caCBcoQOqCs
wNxyn6tVXbs,WbAgfT79t6w
wNxyn6tVXbs,a4E2CeWEprw
wNxyn6tVXbs,RqNCNqT3VBE
vpmlGMZSpvQ,9Hpy6MKM-J8
vpmlGMZSpvQ,NnjawaQ2Fyg
vpmlGMZSpvQ,qZWbgBSfTUI
vpmlGMZSpvQ,a4E2CeWEprw
vpmlGMZSpvQ,ZGhSyVvOelg
IsKBRj6_VSs,9Hpy6MKM-J8
atKDrGedg_w,gnIGzkGVDQo
atKDrGedg_w,hPn-ftB9GFg
atKDrGedg_w,czY7sp5c_Xs
atKDrGedg_w,tYf3CpbqAVo
atKDrGedg_w,meik4LcQStI
atKDrGedg_w,pEbAr8mbdks
atKDrGedg_w,-X49VQgi86E
atKDrGedg_w,K47UR2GYR4E
atKDrGedg_w,c4X_8cufW3g
9Hpy6MKM-J8,S-W0NX97DB0
9Hpy6MKM-J8,dRS4eatZM9M
9Hpy6MKM-J8,qZWbgBSfTUI
dRS4eatZM9M,qZWbgBSfTUI
dRS4eatZM9M,rxPTXj-QgPQ
dRS4eatZM9M,chzu0k-7o3c
dRS4eatZM9M,8xwjcLf-L_E
dRS4eatZM9M,EcPPjZVB2vA
dRS4eatZM9M,CtJCOAmURMU
dRS4eatZM9M,HHiPOOTqZ5A
dRS4eatZM9M,FrbuXCKVKio
dNpdMYB8pZs,0tBScDTj0n0
dNpdMYB8pZs,GnZQOb9YNV4
dNpdMYB8pZs,2dHulpKtt8g
dNpdMYB8pZs,KvculWl-jhE
dNpdMYB8pZs,02rHA_Ay13M
dNpdMYB8pZs,VRAJNLPAiEY
DYMo9bZWVHo,hNUbo8MSqco
a58osGe7MCI,jAbG2DHu8lY
2RbhqFhwYyw,H9O-XS6tqEY
2RbhqFhwYyw,PNSBzruEd4M
2RbhqFhwYyw,-CK4pLMn8-s
2RbhqFhwYyw,kGDLDljaYxg
2RbhqFhwYyw,7Cs-AMjyVbM
2RbhqFhwYyw,AUjBT6xHcdE
2RbhqFhwYyw,IOfQKUuvC-s
2RbhqFhwYyw,HzYKPsSQySY
2RbhqFhwYyw,Uq6Cjr8PBHU
2RbhqFhwYyw,qUqC712Lupc
q8zrgn7r1kQ,cSRXw8scDnY
q8zrgn7r1kQ,mHYA0o0MBTs
q8zrgn7r1kQ,pMexaWah9fU
q8zrgn7r1kQ,gxG3pdKvlIs
q8zrgn7r1kQ,LeL5huGGtLA
q8zrgn7r1kQ,OImhn7140vg
q8zrgn7r1kQ,TGWcKOpfuR8
q8zrgn7r1kQ,jAbG2DHu8lY
q8zrgn7r1kQ,HFAzxA-grmU
q8zrgn7r1kQ,WnpFIY2hdAs
q8zrgn7r1kQ,hNUbo8MSqco
q8zrgn7r1kQ,VFGiHv-Ctmo
jAbG2DHu8lY,J0ZxL-Ux-RU
jAbG2DHu8lY,DQD2ImvxbGo
jAbG2DHu8lY,kshkysMb-Ck
jAbG2DHu8lY,mERILe2PXy4
jAbG2DHu8lY,CMiiovvEpj0
jAbG2DHu8lY,eWQTPcWzMjM
jAbG2DHu8lY,IjHNx4lGpPc
jAbG2DHu8lY,hNUbo8MSqco
jAbG2DHu8lY,AAtgeiOj02E
jAbG2DHu8lY,TGWcKOpfuR8
jAbG2DHu8lY,HFAzxA-grmU
jAbG2DHu8lY,pzPv6wXnbHc
jAbG2DHu8lY,bYr0eoZgSm4
jAbG2DHu8lY,jqaThgBLg4I
jAbG2DHu8lY,u4yYoicI9xk
ibIjlXSagME,jqaThgBLg4I
0OIMNFxL7qc,jqaThgBLg4I
J0ZxL-Ux-RU,TGWcKOpfuR8
J0ZxL-Ux-RU,u4yYoicI9xk
J0ZxL-Ux-RU,hNUbo8MSqco
DQD2ImvxbGo,pzPv6wXnbHc
DQD2ImvxbGo,bYr0eoZgSm4
DQD2ImvxbGo,hNUbo8MSqco
kshkysMb-Ck,bYr0eoZgSm4
kshkysMb-Ck,u4yYoicI9xk
kshkysMb-Ck,hNUbo8MSqco
mERILe2PXy4,TGWcKOpfuR8
mERILe2PXy4,HFAzxA-grmU
CMiiovvEpj0,pzPv6wXnbHc
IjHNx4lGpPc,bYr0eoZgSm4
hNUbo8MSqco,B3MPI54nFhk
hNUbo8MSqco,VFGiHv-Ctmo
hNUbo8MSqco,TC_olKIaXXE
hNUbo8MSqco,79DEa1JTqNA
hNUbo8MSqco,W-XsOrCe40o
TGWcKOpfuR8,f1DDLJ2hRno
TGWcKOpfuR8,HFAzxA-grmU
TGWcKOpfuR8,kmVU0jOiOo8
TGWcKOpfuR8,Lo7tUSRpJ1Y
TGWcKOpfuR8,jqaThgBLg4I
TGWcKOpfuR8,_llGAs4s93M
TGWcKOpfuR8,8_NNBNCyY9o
TGWcKOpfuR8,bYr0eoZgSm4
TGWcKOpfuR8,iabQsOjfano
TGWcKOpfuR8,Fjb72jZ3SpA
f1DDLJ2hRno,HFAzxA-grmU
HFAzxA-grmU,Sg7vSqb8PFw
HFAzxA-grmU,PdsQRrPqsM4
HFAzxA-grmU,jqaThgBLg4I
HFAzxA-grmU,icqCyLoW3bM
HFAzxA-grmU,jRKos14OY6o
jqaThgBLg4I,bYr0eoZgSm4
jqaThgBLg4I,pzPv6wXnbHc
jqaThgBLg4I,8AT0R9ZSe-g
jqaThgBLg4I,Uh6I4ygf9Yk
jqaThgBLg4I,g4z_JRj-mbY
pzPv6wXnbHc,rDwDretzyzc
pzPv6wXnbHc,bYr0eoZgSm4
pzPv6wXnbHc,W-XsOrCe40o
pzPv6wXnbHc,vaqokVfr0OY
pzPv6wXnbHc,u4yYoicI9xk
pzPv6wXnbHc,1dEHBt-rDVc
pzPv6wXnbHc,h0oin3Nt6TU
rDwDretzyzc,bYr0eoZgSm4
rDwDretzyzc,u4yYoicI9xk
bYr0eoZgSm4,O6AYSUW_o2s
bYr0eoZgSm4,W-XsOrCe40o
bYr0eoZgSm4,UbxA3pqBj_c
bYr0eoZgSm4,u4yYoicI9xk
vaqokVfr0OY,u4yYoicI9xk
u4yYoicI9xk,GJl2DYJS6h0
u4yYoicI9xk,r4y5OvynZpU
u4yYoicI9xk,5msN6_y3Oz0
qip6Cnm5mJ4,mm_UidMxDcM
qip6Cnm5mJ4,Q3IeLvDAkNw
qip6Cnm5mJ4,1h7RCGoZKG8
qip6Cnm5mJ4,MVG4kj9CUio
qip6Cnm5mJ4,lNUuUFdRcLU
qip6Cnm5mJ4,JMKOKSecTD0
qip6Cnm5mJ4,5QbEqq-_t74
qip6Cnm5mJ4,KPvbOqg07xs
qip6Cnm5mJ4,M8saIm9tHis
qip6Cnm5mJ4,OzxuyvuPfbc
qip6Cnm5mJ4,9BHON_uW2ho
qip6Cnm5mJ4,-uByHarYeMQ
qip6Cnm5mJ4,5eIqnUiyk0A
qip6Cnm5mJ4,xK-YomaE8Go
-CK4pLMn8-s,HzYKPsSQySY
XC8l90KNNDQ,_oBIRf3UAUg
_oBIRf3UAUg,C3VybvzoSt8
VcYAVlNRnHY,mm_UidMxDcM
HzYKPsSQySY,49TZpD1pDoo
HzYKPsSQySY,PNSBzruEd4M
mm_UidMxDcM,JwWp_2j_w7c
mm_UidMxDcM,qUH4aNF5-lw
mm_UidMxDcM,rf4Jlivg33k
mm_UidMxDcM,KPvbOqg07xs
mm_UidMxDcM,PTO-RyZikm0
mm_UidMxDcM,mqsgMjw0GtI
mm_UidMxDcM,OzxuyvuPfbc
mm_UidMxDcM,avvcY2bFfG8
mm_UidMxDcM,CS7lKOy72Yg
